aspect,pre_mean,pre_std,pre_count,post_mean,post_std,post_count,change,percent_change,t_statistic,p_value,significant,cohens_d
price,0.4701445718654435,0.3536343622742296,218,0.2436625786163522,0.37615858643315253,159,-0.2264819932490913,-48.17284018625466,5.977651215269075,5.27361940677956e-09,True,-0.6234109658949198
quality,0.40896020408163264,0.3261494805203704,49,0.07647083333333332,0.45207876532034924,36,-0.3324893707482993,-81.30115532755629,3.941196261128792,0.0001683975045210653,True,-0.8651436701046049
features,0.42403179148311304,0.36628356460725586,227,0.09411305394990369,0.38639737882846215,173,-0.3299187375332093,-77.8051891767998,8.714776707318096,7.948108402154648e-17,True,-0.8795292345051153
delivery,0.3963428571428572,0.5337760791168547,14,0.11687,0.4647381127521654,10,-0.2794728571428572,-70.51290369088812,1.3322063860443523,0.196429016941446,False,-0.5515858469670913
service,0.28767818181818183,0.43488988716639065,55,0.06833450617283951,0.3612136062870237,135,-0.21934367564534232,-76.24619783782273,3.57241366187414,0.00044933043888632535,True,-0.57146588995285
